{
  "project_info": {
    "project_number": "1029969140086",
    "firebase_url": "https://my-autogaiense-default-rtdb.europe-west1.firebasedatabase.app",
    "project_id": "my-autogaiense",
    "storage_bucket": "my-autogaiense.appspot.com"
  },
  "client": [
    {
      "client_info": {
        "mobilesdk_app_id": "1:1029969140086:android:80d7cb4a5d4443b9e94257",
        "android_client_info": {
          "package_name": "com.example.autogaiense"
        }
      },
      "oauth_client": [
        {
          "client_id": "1029969140086-ns0umnbnn4h813sje13uj0qc0bvvpqgh.apps.googleusercontent.com",
          "client_type": 3
        }
      ],
      "api_key": [
        {
          "current_key": "AIzaSyDP3sv-42VmCHEbblEcGEnBGNjC7l6D3J4"
        }
      ],
      "services": {
        "appinvite_service": {
          "other_platform_oauth_client": [
            {
              "client_id": "1029969140086-ns0umnbnn4h813sje13uj0qc0bvvpqgh.apps.googleusercontent.com",
              "client_type": 3
            }
          ]
        }
      }
    }
  ],
  "configuration_version": "1"
}